<?xml version="1.0"?>
<opencv_storage>
<cascade>
  <stageType>BOOST</stageType>
  <featureType>HAAR</featureType>
  <height>24</height>
  <width>24</width>
  <stageParams>
    <boostType>GAB</boostType>
    <minHitRate>9.9500000476837158e-01</minHitRate>
    <maxFalseAlarm>5.0000000000000000e-01</maxFalseAlarm>
    <weightTrimRate>9.4999999999999996e-01</weightTrimRate>
    <maxDepth>1</maxDepth>
    <maxWeakCount>100</maxWeakCount></stageParams>
  <featureParams>
    <maxCatCount>0</maxCatCount>
    <featSize>1</featSize>
    <mode>BASIC</mode></featureParams>
  <stageNum>13</stageNum>
  <stages>
    <!-- stage 0 -->
    <_>
      <maxWeakCount>3</maxWeakCount>
      <stageThreshold>-1.0462409257888794e+00</stageThreshold>
      <weakClassifiers>
        <_>
          <internalNodes>
            0 -1 11 8.1708610057830811e-02</internalNodes>
          <leafValues>
            -9.4871795177459717e-01 9.0243899822235107e-01</leafValues></_>
        <_>
          <internalNodes>
            0 -1 35 2.3780141025781631e-02</internalNodes>
          <leafValues>
            -8.5498136281967163e-01 8.2528430223464966e-01</leafValues></_>
        <_>
          <internalNodes>
            0 -1 36 3.8800403475761414e-02</internalNodes>
          <leafValues>
            -8.9844566583633423e-01 7.5745838880538940e-01</leafValues></_></weakClassifiers></_>
    <!-- stage 1 -->
    <_>
      <maxWeakCount>2</maxWeakCount>
      <stageThreshold>-1.8283829092979431e-01</stageThreshold>
      <weakClassifiers>
        <_>
          <internalNodes>
            0 -1 22 1.3235801830887794e-02</internalNodes>
          <leafValues>
            -9.0270268917083740e-01 7.7674418687820435e-01</leafValues></_>
        <_>
          <internalNodes>
            0 -1 31 3.1037328764796257e-02</internalNodes>
          <leafValues>
            -9.3304663896560669e-01 7.1986442804336548e-01</leafValues></_></weakClassifiers></_>
    <!-- stage 2 -->
    <_>
      <maxWeakCount>2</maxWeakCount>
      <stageThreshold>-1.5035846829414368e-01</stageThreshold>
      <weakClassifiers>
        <_>
          <internalNodes>
            0 -1 25 2.9023077338933945e-02</internalNodes>
          <leafValues>
            -8.5340315103530884e-01 7.7990430593490601e-01</leafValues></_>
        <_>
          <internalNodes>
            0 -1 3 -2.5259567424654961e-02</internalNodes>
          <leafValues>
            7.0304465293884277e-01 -9.1690903902053833e-01</leafValues></_></weakClassifiers></_>
    <!-- stage 3 -->
    <_>
      <maxWeakCount>3</maxWeakCount>
      <stageThreshold>-7.1610343456268311e-01</stageThreshold>
      <weakClassifiers>
        <_>
          <internalNodes>
            0 -1 19 5.5708914995193481e-02</internalNodes>
          <leafValues>
            -8.3999997377395630e-01 6.5333330631256104e-01</leafValues></_>
        <_>
          <internalNodes>
            0 -1 42 -1.2129019945859909e-02</internalNodes>
          <leafValues>
            7.6478463411331177e-01 -6.8489450216293335e-01</leafValues></_>
        <_>
          <internalNodes>
            0 -1 5 1.3234086334705353e-02</internalNodes>
          <leafValues>
            -5.4354774951934814e-01 8.0879104137420654e-01</leafValues></_></weakClassifiers></_>
    <!-- stage 4 -->
    <_>
      <maxWeakCount>5</maxWeakCount>
      <stageThreshold>-8.6655342578887939e-01</stageThreshold>
      <weakClassifiers>
        <_>
          <internalNodes>
            0 -1 30 -2.6317797601222992e-02</internalNodes>
          <leafValues>
            6.0869562625885010e-01 -8.2352942228317261e-01</leafValues></_>
        <_>
          <internalNodes>
            0 -1 4 2.5111638009548187e-02</internalNodes>
          <leafValues>
            -6.0159903764724731e-01 7.9717469215393066e-01</leafValues></_>
        <_>
          <internalNodes>
            0 -1 40 1.3035518350079656e-03</internalNodes>
          <leafValues>
            -7.7302330732345581e-01 5.5835413932800293e-01</leafValues></_>
        <_>
          <internalNodes>
            0 -1 0 -1.5351634472608566e-02</internalNodes>
          <leafValues>
            8.0615752935409546e-01 -4.9989238381385803e-01</leafValues></_>
        <_>
          <internalNodes>
            0 -1 15 3.0830319970846176e-02</internalNodes>
          <leafValues>
            -8.7333291769027710e-01 5.0248134136199951e-01</leafValues></_></weakClassifiers></_>
    <!-- stage 5 -->
    <_>
      <maxWeakCount>2</maxWeakCount>
      <stageThreshold>-3.5380339622497559e-01</stageThreshold>
      <weakClassifiers>
        <_>
          <internalNodes>
            0 -1 28 -6.7699034698307514e-03</internalNodes>
          <leafValues>
            5.3307390213012695e-01 -9.5804196596145630e-01</leafValues></_>
        <_>
          <internalNodes>
            0 -1 33 -1.1765204370021820e-02</internalNodes>
          <leafValues>
            6.0423856973648071e-01 -7.6804476976394653e-01</leafValues></_></weakClassifiers></_>
    <!-- stage 6 -->
    <_>
      <maxWeakCount>4</maxWeakCount>
      <stageThreshold>-1.2700812816619873e+00</stageThreshold>
      <weakClassifiers>
        <_>
          <internalNodes>
            0 -1 0 -1.6401296481490135e-02</internalNodes>
          <leafValues>
            8.9855074882507324e-01 -4.7328245639801025e-01</leafValues></_>
        <_>
          <internalNodes>
            0 -1 37 3.2374821603298187e-02</internalNodes>
          <leafValues>
            -9.1559851169586182e-01 4.9095639586448669e-01</leafValues></_>
        <_>
          <internalNodes>
            0 -1 43 -1.9774269312620163e-02</internalNodes>
          <leafValues>
            7.4333459138870239e-01 -5.1797848939895630e-01</leafValues></_>
        <_>
          <internalNodes>
            0 -1 13 4.5723631046712399e-03</internalNodes>
          <leafValues>
            -7.3505502939224243e-01 4.8277556896209717e-01</leafValues></_></weakClassifiers></_>
    <!-- stage 7 -->
    <_>
      <maxWeakCount>2</maxWeakCount>
      <stageThreshold>-2.7562898397445679e-01</stageThreshold>
      <weakClassifiers>
        <_>
          <internalNodes>
            0 -1 21 -2.2840116173028946e-02</internalNodes>
          <leafValues>
            4.7450980544090271e-01 -8.3448272943496704e-01</leafValues></_>
        <_>
          <internalNodes>
            0 -1 10 2.9365988448262215e-03</internalNodes>
          <leafValues>
            -6.5697610378265381e-01 5.5885380506515503e-01</leafValues></_></weakClassifiers></_>
    <!-- stage 8 -->
    <_>
      <maxWeakCount>5</maxWeakCount>
      <stageThreshold>-8.7516766786575317e-01</stageThreshold>
      <weakClassifiers>
        <_>
          <internalNodes>
            0 -1 32 2.2045861929655075e-02</internalNodes>
          <leafValues>
            -7.0810812711715698e-01 6.0930234193801880e-01</leafValues></_>
        <_>
          <internalNodes>
            0 -1 45 -7.9281553626060486e-03</internalNodes>
          <leafValues>
            6.7963331937789917e-01 -5.7439899444580078e-01</leafValues></_>
        <_>
          <internalNodes>
            0 -1 24 7.7640288509428501e-04</internalNodes>
          <leafValues>
            -6.1121505498886108e-01 6.1005711555480957e-01</leafValues></_>
        <_>
          <internalNodes>
            0 -1 9 -3.2026678323745728e-02</internalNodes>
          <leafValues>
            6.4031386375427246e-01 -5.0203639268875122e-01</leafValues></_>
        <_>
          <internalNodes>
            0 -1 39 1.8167109228670597e-03</internalNodes>
          <leafValues>
            -9.2154031991958618e-01 3.7824061512947083e-01</leafValues></_></weakClassifiers></_>
    <!-- stage 9 -->
    <_>
      <maxWeakCount>5</maxWeakCount>
      <stageThreshold>-9.8014008998870850e-01</stageThreshold>
      <weakClassifiers>
        <_>
          <internalNodes>
            0 -1 14 1.0406760498881340e-02</internalNodes>
          <leafValues>
            -7.0114940404891968e-01 5.3982299566268921e-01</leafValues></_>
        <_>
          <internalNodes>
            0 -1 44 -1.2171738781034946e-02</internalNodes>
          <leafValues>
            6.6831684112548828e-01 -5.2017182111740112e-01</leafValues></_>
        <_>
          <internalNodes>
            0 -1 16 1.3196976855397224e-02</internalNodes>
          <leafValues>
            -9.6475648880004883e-01 3.7062364816665649e-01</leafValues></_>
        <_>
          <internalNodes>
            0 -1 26 6.2947072088718414e-02</internalNodes>
          <leafValues>
            -5.6598079204559326e-01 5.1470053195953369e-01</leafValues></_>
        <_>
          <internalNodes>
            0 -1 8 -2.4649200960993767e-02</internalNodes>
          <leafValues>
            4.3653824925422668e-01 -7.3749858140945435e-01</leafValues></_></weakClassifiers></_>
    <!-- stage 10 -->
    <_>
      <maxWeakCount>5</maxWeakCount>
      <stageThreshold>-9.6389508247375488e-01</stageThreshold>
      <weakClassifiers>
        <_>
          <internalNodes>
            0 -1 34 -7.3689622804522514e-03</internalNodes>
          <leafValues>
            5.6613755226135254e-01 -5.0710898637771606e-01</leafValues></_>
        <_>
          <internalNodes>
            0 -1 27 1.6304269433021545e-02</internalNodes>
          <leafValues>
            -8.0893993377685547e-01 3.7519496679306030e-01</leafValues></_>
        <_>
          <internalNodes>
            0 -1 18 4.0044717490673065e-02</internalNodes>
          <leafValues>
            -8.3014482259750366e-01 3.5245907306671143e-01</leafValues></_>
        <_>
          <internalNodes>
            0 -1 29 3.2657321542501450e-02</internalNodes>
          <leafValues>
            -6.5227311849594116e-01 4.8157915472984314e-01</leafValues></_>
        <_>
          <internalNodes>
            0 -1 46 -1.4787072315812111e-02</internalNodes>
          <leafValues>
            8.4013307094573975e-01 -4.2280963063240051e-01</leafValues></_></weakClassifiers></_>
    <!-- stage 11 -->
    <_>
      <maxWeakCount>5</maxWeakCount>
      <stageThreshold>-4.4376635551452637e-01</stageThreshold>
      <weakClassifiers>
        <_>
          <internalNodes>
            0 -1 23 2.0549222826957703e-03</internalNodes>
          <leafValues>
            -6.8750000000000000e-01 4.5833334326744080e-01</leafValues></_>
        <_>
          <internalNodes>
            0 -1 6 7.8848432749509811e-03</internalNodes>
          <leafValues>
            -5.7479935884475708e-01 5.1401281356811523e-01</leafValues></_>
        <_>
          <internalNodes>
            0 -1 20 2.3010268807411194e-02</internalNodes>
          <leafValues>
            -8.4028649330139160e-01 3.5851410031318665e-01</leafValues></_>
        <_>
          <internalNodes>
            0 -1 17 -4.0564746595919132e-03</internalNodes>
          <leafValues>
            -8.8861799240112305e-01 2.8984472155570984e-01</leafValues></_>
        <_>
          <internalNodes>
            0 -1 12 1.7066890001296997e-01</internalNodes>
          <leafValues>
            -8.6567074060440063e-01 2.9820150136947632e-01</leafValues></_></weakClassifiers></_>
    <!-- stage 12 -->
    <_>
      <maxWeakCount>5</maxWeakCount>
      <stageThreshold>-8.8713151216506958e-01</stageThreshold>
      <weakClassifiers>
        <_>
          <internalNodes>
            0 -1 1 -1.4563306234776974e-02</internalNodes>
          <leafValues>
            7.1034485101699829e-01 -4.0392157435417175e-01</leafValues></_>
        <_>
          <internalNodes>
            0 -1 38 -2.0442623645067215e-02</internalNodes>
          <leafValues>
            6.2994253635406494e-01 -5.1633548736572266e-01</leafValues></_>
        <_>
          <internalNodes>
            0 -1 2 7.7129062265157700e-03</internalNodes>
          <leafValues>
            -5.5747520923614502e-01 5.4894834756851196e-01</leafValues></_>
        <_>
          <internalNodes>
            0 -1 7 8.5938656702637672e-03</internalNodes>
          <leafValues>
            2.9230222105979919e-01 -9.0834766626358032e-01</leafValues></_>
        <_>
          <internalNodes>
            0 -1 41 -1.8974426202476025e-03</internalNodes>
          <leafValues>
            -9.7298210859298706e-01 2.9829853773117065e-01</leafValues></_></weakClassifiers></_></stages>
  <features>
    <_>
      <rects>
        <_>
          0 0 3 12 -1.</_>
        <_>
          1 0 1 12 3.</_></rects>
      <tilted>0</tilted></_>
    <_>
      <rects>
        <_>
          0 0 2 24 -1.</_>
        <_>
          1 0 1 24 2.</_></rects>
      <tilted>0</tilted></_>
    <_>
      <rects>
        <_>
          0 10 9 3 -1.</_>
        <_>
          3 10 3 3 3.</_></rects>
      <tilted>0</tilted></_>
    <_>
      <rects>
        <_>
          1 0 10 10 -1.</_>
        <_>
          1 0 5 5 2.</_>
        <_>
          6 5 5 5 2.</_></rects>
      <tilted>0</tilted></_>
    <_>
      <rects>
        <_>
          1 1 4 13 -1.</_>
        <_>
          3 1 2 13 2.</_></rects>
      <tilted>0</tilted></_>
    <_>
      <rects>
        <_>
          1 1 8 2 -1.</_>
        <_>
          5 1 4 2 2.</_></rects>
      <tilted>0</tilted></_>
    <_>
      <rects>
        <_>
          1 2 6 2 -1.</_>
        <_>
          4 2 3 2 2.</_></rects>
      <tilted>0</tilted></_>
    <_>
      <rects>
        <_>
          1 9 22 4 -1.</_>
        <_>
          1 9 11 2 2.</_>
        <_>
          12 11 11 2 2.</_></rects>
      <tilted>0</tilted></_>
    <_>
      <rects>
        <_>
          2 0 8 10 -1.</_>
        <_>
          2 0 4 5 2.</_>
        <_>
          6 5 4 5 2.</_></rects>
      <tilted>0</tilted></_>
    <_>
      <rects>
        <_>
          2 1 8 8 -1.</_>
        <_>
          2 1 4 4 2.</_>
        <_>
          6 5 4 4 2.</_></rects>
      <tilted>0</tilted></_>
    <_>
      <rects>
        <_>
          2 2 2 8 -1.</_>
        <_>
          3 2 1 8 2.</_></rects>
      <tilted>0</tilted></_>
    <_>
      <rects>
        <_>
          3 5 17 10 -1.</_>
        <_>
          3 10 17 5 2.</_></rects>
      <tilted>0</tilted></_>
    <_>
      <rects>
        <_>
          3 5 19 15 -1.</_>
        <_>
          3 10 19 5 3.</_></rects>
      <tilted>0</tilted></_>
    <_>
      <rects>
        <_>
          3 7 4 8 -1.</_>
        <_>
          3 7 2 4 2.</_>
        <_>
          5 11 2 4 2.</_></rects>
      <tilted>0</tilted></_>
    <_>
      <rects>
        <_>
          3 8 20 2 -1.</_>
        <_>
          3 9 20 1 2.</_></rects>
      <tilted>0</tilted></_>
    <_>
      <rects>
        <_>
          4 6 5 8 -1.</_>
        <_>
          4 10 5 4 2.</_></rects>
      <tilted>0</tilted></_>
    <_>
      <rects>
        <_>
          4 9 13 6 -1.</_>
        <_>
          4 11 13 2 3.</_></rects>
      <tilted>0</tilted></_>
    <_>
      <rects>
        <_>
          4 10 18 2 -1.</_>
        <_>
          4 10 9 1 2.</_>
        <_>
          13 11 9 1 2.</_></rects>
      <tilted>0</tilted></_>
    <_>
      <rects>
        <_>
          5 4 3 18 -1.</_>
        <_>
          5 10 3 6 3.</_></rects>
      <tilted>0</tilted></_>
    <_>
      <rects>
        <_>
          5 5 5 15 -1.</_>
        <_>
          5 10 5 5 3.</_></rects>
      <tilted>0</tilted></_>
    <_>
      <rects>
        <_>
          5 6 10 4 -1.</_>
        <_>
          10 6 5 4 2.</_></rects>
      <tilted>0</tilted></_>
    <_>
      <rects>
        <_>
          6 6 8 14 -1.</_>
        <_>
          6 6 4 7 2.</_>
        <_>
          10 13 4 7 2.</_></rects>
      <tilted>0</tilted></_>
    <_>
      <rects>
        <_>
          6 7 8 3 -1.</_>
        <_>
          10 7 4 3 2.</_></rects>
      <tilted>0</tilted></_>
    <_>
      <rects>
        <_>
          6 18 4 6 -1.</_>
        <_>
          6 18 2 3 2.</_>
        <_>
          8 21 2 3 2.</_></rects>
      <tilted>0</tilted></_>
    <_>
      <rects>
        <_>
          6 20 6 4 -1.</_>
        <_>
          6 20 3 2 2.</_>
        <_>
          9 22 3 2 2.</_></rects>
      <tilted>0</tilted></_>
    <_>
      <rects>
        <_>
          8 4 9 6 -1.</_>
        <_>
          11 4 3 6 3.</_></rects>
      <tilted>0</tilted></_>
    <_>
      <rects>
        <_>
          8 4 9 9 -1.</_>
        <_>
          11 4 3 9 3.</_></rects>
      <tilted>0</tilted></_>
    <_>
      <rects>
        <_>
          10 7 10 12 -1.</_>
        <_>
          10 7 5 6 2.</_>
        <_>
          15 13 5 6 2.</_></rects>
      <tilted>0</tilted></_>
    <_>
      <rects>
        <_>
          11 6 3 16 -1.</_>
        <_>
          11 14 3 8 2.</_></rects>
      <tilted>0</tilted></_>
    <_>
      <rects>
        <_>
          12 0 12 12 -1.</_>
        <_>
          12 0 6 6 2.</_>
        <_>
          18 6 6 6 2.</_></rects>
      <tilted>0</tilted></_>
    <_>
      <rects>
        <_>
          12 5 9 6 -1.</_>
        <_>
          15 5 3 6 3.</_></rects>
      <tilted>0</tilted></_>
    <_>
      <rects>
        <_>
          12 7 10 6 -1.</_>
        <_>
          12 10 10 3 2.</_></rects>
      <tilted>0</tilted></_>
    <_>
      <rects>
        <_>
          13 0 10 8 -1.</_>
        <_>
          13 0 5 4 2.</_>
        <_>
          18 4 5 4 2.</_></rects>
      <tilted>0</tilted></_>
    <_>
      <rects>
        <_>
          14 1 10 2 -1.</_>
        <_>
          19 1 5 2 2.</_></rects>
      <tilted>0</tilted></_>
    <_>
      <rects>
        <_>
          14 16 4 6 -1.</_>
        <_>
          14 18 4 2 3.</_></rects>
      <tilted>0</tilted></_>
    <_>
      <rects>
        <_>
          15 0 8 10 -1.</_>
        <_>
          15 0 4 5 2.</_>
        <_>
          19 5 4 5 2.</_></rects>
      <tilted>0</tilted></_>
    <_>
      <rects>
        <_>
          15 6 4 15 -1.</_>
        <_>
          15 11 4 5 3.</_></rects>
      <tilted>0</tilted></_>
    <_>
      <rects>
        <_>
          15 6 8 10 -1.</_>
        <_>
          15 11 8 5 2.</_></rects>
      <tilted>0</tilted></_>
    <_>
      <rects>
        <_>
          17 0 6 4 -1.</_>
        <_>
          20 0 3 4 2.</_></rects>
      <tilted>0</tilted></_>
    <_>
      <rects>
        <_>
          17 7 4 3 -1.</_>
        <_>
          19 7 2 3 2.</_></rects>
      <tilted>0</tilted></_>
    <_>
      <rects>
        <_>
          17 8 3 2 -1.</_>
        <_>
          17 9 3 1 2.</_></rects>
      <tilted>0</tilted></_>
    <_>
      <rects>
        <_>
          18 0 5 2 -1.</_>
        <_>
          18 1 5 1 2.</_></rects>
      <tilted>0</tilted></_>
    <_>
      <rects>
        <_>
          19 0 4 5 -1.</_>
        <_>
          21 0 2 5 2.</_></rects>
      <tilted>0</tilted></_>
    <_>
      <rects>
        <_>
          19 0 4 7 -1.</_>
        <_>
          21 0 2 7 2.</_></rects>
      <tilted>0</tilted></_>
    <_>
      <rects>
        <_>
          19 2 4 3 -1.</_>
        <_>
          21 2 2 3 2.</_></rects>
      <tilted>0</tilted></_>
    <_>
      <rects>
        <_>
          21 0 2 14 -1.</_>
        <_>
          22 0 1 14 2.</_></rects>
      <tilted>0</tilted></_>
    <_>
      <rects>
        <_>
          21 2 3 10 -1.</_>
        <_>
          22 2 1 10 3.</_></rects>
      <tilted>0</tilted></_></features></cascade>
</opencv_storage>
