<?xml version="1.0"?>
<opencv_storage>
<stage0>
  <maxWeakCount>3</maxWeakCount>
  <stageThreshold>-1.0462409257888794e+00</stageThreshold>
  <weakClassifiers>
    <_>
      <internalNodes>
        0 -1 42920 8.1708610057830811e-02</internalNodes>
      <leafValues>
        -9.4871795177459717e-01 9.0243899822235107e-01</leafValues></_>
    <_>
      <internalNodes>
        0 -1 139495 2.3780141025781631e-02</internalNodes>
      <leafValues>
        -8.5498136281967163e-01 8.2528430223464966e-01</leafValues></_>
    <_>
      <internalNodes>
        0 -1 141525 3.8800403475761414e-02</internalNodes>
      <leafValues>
        -8.9844566583633423e-01 7.5745838880538940e-01</leafValues></_></weakClassifiers></stage0>
</opencv_storage>
