<?xml version="1.0"?>
<opencv_storage>
<stage6>
  <maxWeakCount>4</maxWeakCount>
  <stageThreshold>-1.2700812816619873e+00</stageThreshold>
  <weakClassifiers>
    <_>
      <internalNodes>
        0 -1 54 -1.6401296481490135e-02</internalNodes>
      <leafValues>
        8.9855074882507324e-01 -4.7328245639801025e-01</leafValues></_>
    <_>
      <internalNodes>
        0 -1 141602 3.2374821603298187e-02</internalNodes>
      <leafValues>
        -9.1559851169586182e-01 4.9095639586448669e-01</leafValues></_>
    <_>
      <internalNodes>
        0 -1 155336 -1.9774269312620163e-02</internalNodes>
      <leafValues>
        7.4333459138870239e-01 -5.1797848939895630e-01</leafValues></_>
    <_>
      <internalNodes>
        0 -1 43772 4.5723631046712399e-03</internalNodes>
      <leafValues>
        -7.3505502939224243e-01 4.8277556896209717e-01</leafValues></_></weakClassifiers></stage6>
</opencv_storage>
