<?xml version="1.0"?>
<opencv_storage>
<stage7>
  <maxWeakCount>2</maxWeakCount>
  <stageThreshold>-2.7562898397445679e-01</stageThreshold>
  <weakClassifiers>
    <_>
      <internalNodes>
        0 -1 75303 -2.2840116173028946e-02</internalNodes>
      <leafValues>
        4.7450980544090271e-01 -8.3448272943496704e-01</leafValues></_>
    <_>
      <internalNodes>
        0 -1 27774 2.9365988448262215e-03</internalNodes>
      <leafValues>
        -6.5697610378265381e-01 5.5885380506515503e-01</leafValues></_></weakClassifiers></stage7>
</opencv_storage>
