<?xml version="1.0"?>
<opencv_storage>
<stage5>
  <maxWeakCount>2</maxWeakCount>
  <stageThreshold>-3.5380339622497559e-01</stageThreshold>
  <weakClassifiers>
    <_>
      <internalNodes>
        0 -1 117587 -6.7699034698307514e-03</internalNodes>
      <leafValues>
        5.3307390213012695e-01 -9.5804196596145630e-01</leafValues></_>
    <_>
      <internalNodes>
        0 -1 134489 -1.1765204370021820e-02</internalNodes>
      <leafValues>
        6.0423856973648071e-01 -7.6804476976394653e-01</leafValues></_></weakClassifiers></stage5>
</opencv_storage>
