<?xml version="1.0"?>
<opencv_storage>
<cascade>
  <stageType>BOOST</stageType>
  <featureType>HAAR</featureType>
  <height>37</height>
  <width>25</width>
  <stageParams>
    <boostType>GAB</boostType>
    <minHitRate>9.9500000476837158e-01</minHitRate>
    <maxFalseAlarm>3.0000001192092896e-01</maxFalseAlarm>
    <weightTrimRate>9.4999999999999996e-01</weightTrimRate>
    <maxDepth>1</maxDepth>
    <maxWeakCount>100</maxWeakCount></stageParams>
  <featureParams>
    <maxCatCount>0</maxCatCount>
    <featSize>1</featSize>
    <mode>BASIC</mode></featureParams>
  <stageNum>6</stageNum>
  <stages>
    <!-- stage 0 -->
    <_>
      <maxWeakCount>1</maxWeakCount>
      <stageThreshold>1.</stageThreshold>
      <weakClassifiers>
        <_>
          <internalNodes>
            0 -1 0 2.0803317427635193e-01</internalNodes>
          <leafValues>
            -1. 1.</leafValues></_></weakClassifiers></_>
    <!-- stage 1 -->
    <_>
      <maxWeakCount>1</maxWeakCount>
      <stageThreshold>8.8679248094558716e-01</stageThreshold>
      <weakClassifiers>
        <_>
          <internalNodes>
            0 -1 9 -1.4066160656511784e-03</internalNodes>
          <leafValues>
            8.8679248094558716e-01 -1.</leafValues></_></weakClassifiers></_>
    <!-- stage 2 -->
    <_>
      <maxWeakCount>2</maxWeakCount>
      <stageThreshold>-1.6459053754806519e-01</stageThreshold>
      <weakClassifiers>
        <_>
          <internalNodes>
            0 -1 3 -1.9427597522735596e-01</internalNodes>
          <leafValues>
            9.0099012851715088e-01 -9.5979899168014526e-01</leafValues></_>
        <_>
          <internalNodes>
            0 -1 11 -1.6681272536516190e-02</internalNodes>
          <leafValues>
            7.9520845413208008e-01 -9.4202077388763428e-01</leafValues></_></weakClassifiers></_>
    <!-- stage 3 -->
    <_>
      <maxWeakCount>2</maxWeakCount>
      <stageThreshold>-3.3371514081954956e-01</stageThreshold>
      <weakClassifiers>
        <_>
          <internalNodes>
            0 -1 1 2.8519354760646820e-02</internalNodes>
          <leafValues>
            -9.7826087474822998e-01 6.8965518474578857e-01</leafValues></_>
        <_>
          <internalNodes>
            0 -1 5 -2.5617608800530434e-02</internalNodes>
          <leafValues>
            6.4454573392868042e-01 -8.5195535421371460e-01</leafValues></_></weakClassifiers></_>
    <!-- stage 4 -->
    <_>
      <maxWeakCount>3</maxWeakCount>
      <stageThreshold>-1.1281083822250366e+00</stageThreshold>
      <weakClassifiers>
        <_>
          <internalNodes>
            0 -1 2 -4.9478304572403431e-03</internalNodes>
          <leafValues>
            6.8224298954010010e-01 -8.9637303352355957e-01</leafValues></_>
        <_>
          <internalNodes>
            0 -1 6 1.5747316181659698e-01</internalNodes>
          <leafValues>
            -8.3398771286010742e-01 6.2433177232742310e-01</leafValues></_>
        <_>
          <internalNodes>
            0 -1 8 2.3532528430223465e-03</internalNodes>
          <leafValues>
            -9.8032486438751221e-01 6.0225236415863037e-01</leafValues></_></weakClassifiers></_>
    <!-- stage 5 -->
    <_>
      <maxWeakCount>3</maxWeakCount>
      <stageThreshold>2.1842795610427856e-01</stageThreshold>
      <weakClassifiers>
        <_>
          <internalNodes>
            0 -1 7 -1.2463044840842485e-03</internalNodes>
          <leafValues>
            5.0769233703613281e-01 -9.7647058963775635e-01</leafValues></_>
        <_>
          <internalNodes>
            0 -1 4 -2.4342131800949574e-03</internalNodes>
          <leafValues>
            5.8219635486602783e-01 -9.7615957260131836e-01</leafValues></_>
        <_>
          <internalNodes>
            0 -1 10 -1.0973091237246990e-02</internalNodes>
          <leafValues>
            6.8689525127410889e-01 -8.0293494462966919e-01</leafValues></_></weakClassifiers></_></stages>
  <features>
    <_>
      <rects>
        <_>
          0 0 23 18 -1.</_>
        <_>
          0 9 23 9 2.</_></rects>
      <tilted>0</tilted></_>
    <_>
      <rects>
        <_>
          0 11 6 16 -1.</_>
        <_>
          3 11 3 16 2.</_></rects>
      <tilted>0</tilted></_>
    <_>
      <rects>
        <_>
          2 19 21 1 -1.</_>
        <_>
          9 19 7 1 3.</_></rects>
      <tilted>0</tilted></_>
    <_>
      <rects>
        <_>
          3 19 14 18 -1.</_>
        <_>
          3 28 14 9 2.</_></rects>
      <tilted>0</tilted></_>
    <_>
      <rects>
        <_>
          5 16 4 5 -1.</_>
        <_>
          7 16 2 5 2.</_></rects>
      <tilted>0</tilted></_>
    <_>
      <rects>
        <_>
          8 21 3 12 -1.</_>
        <_>
          8 27 3 6 2.</_></rects>
      <tilted>0</tilted></_>
    <_>
      <rects>
        <_>
          10 1 11 18 -1.</_>
        <_>
          10 10 11 9 2.</_></rects>
      <tilted>0</tilted></_>
    <_>
      <rects>
        <_>
          11 16 3 3 -1.</_>
        <_>
          12 16 1 3 3.</_></rects>
      <tilted>0</tilted></_>
    <_>
      <rects>
        <_>
          11 19 3 4 -1.</_>
        <_>
          11 21 3 2 2.</_></rects>
      <tilted>0</tilted></_>
    <_>
      <rects>
        <_>
          12 17 1 3 -1.</_>
        <_>
          12 18 1 1 3.</_></rects>
      <tilted>0</tilted></_>
    <_>
      <rects>
        <_>
          17 16 6 12 -1.</_>
        <_>
          17 16 3 6 2.</_>
        <_>
          20 22 3 6 2.</_></rects>
      <tilted>0</tilted></_>
    <_>
      <rects>
        <_>
          21 12 4 16 -1.</_>
        <_>
          23 12 2 16 2.</_></rects>
      <tilted>0</tilted></_></features></cascade>
</opencv_storage>
