<?xml version="1.0"?>
<opencv_storage>
<stage5>
  <maxWeakCount>3</maxWeakCount>
  <stageThreshold>2.1842795610427856e-01</stageThreshold>
  <weakClassifiers>
    <_>
      <internalNodes>
        0 -1 297309 -1.2463044840842485e-03</internalNodes>
      <leafValues>
        5.0769233703613281e-01 -9.7647058963775635e-01</leafValues></_>
    <_>
      <internalNodes>
        0 -1 167032 -2.4342131800949574e-03</internalNodes>
      <leafValues>
        5.8219635486602783e-01 -9.7615957260131836e-01</leafValues></_>
    <_>
      <internalNodes>
        0 -1 380262 -1.0973091237246990e-02</internalNodes>
      <leafValues>
        6.8689525127410889e-01 -8.0293494462966919e-01</leafValues></_></weakClassifiers></stage5>
</opencv_storage>
