<?xml version="1.0"?>
<opencv_storage>
<stage4>
  <maxWeakCount>3</maxWeakCount>
  <stageThreshold>-1.1281083822250366e+00</stageThreshold>
  <weakClassifiers>
    <_>
      <internalNodes>
        0 -1 86709 -4.9478304572403431e-03</internalNodes>
      <leafValues>
        6.8224298954010010e-01 -8.9637303352355957e-01</leafValues></_>
    <_>
      <internalNodes>
        0 -1 267709 1.5747316181659698e-01</internalNodes>
      <leafValues>
        -8.3398771286010742e-01 6.2433177232742310e-01</leafValues></_>
    <_>
      <internalNodes>
        0 -1 298958 2.3532528430223465e-03</internalNodes>
      <leafValues>
        -9.8032486438751221e-01 6.0225236415863037e-01</leafValues></_></weakClassifiers></stage4>
</opencv_storage>
