<?xml version="1.0"?>
<opencv_storage>
<stage3>
  <maxWeakCount>2</maxWeakCount>
  <stageThreshold>-3.3371514081954956e-01</stageThreshold>
  <weakClassifiers>
    <_>
      <internalNodes>
        0 -1 16527 2.8519354760646820e-02</internalNodes>
      <leafValues>
        -9.7826087474822998e-01 6.8965518474578857e-01</leafValues></_>
    <_>
      <internalNodes>
        0 -1 241000 -2.5617608800530434e-02</internalNodes>
      <leafValues>
        6.4454573392868042e-01 -8.5195535421371460e-01</leafValues></_></weakClassifiers></stage3>
</opencv_storage>
