<?xml version="1.0"?>
<opencv_storage>
<stage2>
  <maxWeakCount>2</maxWeakCount>
  <stageThreshold>-1.6459053754806519e-01</stageThreshold>
  <weakClassifiers>
    <_>
      <internalNodes>
        0 -1 115935 -1.9427597522735596e-01</internalNodes>
      <leafValues>
        9.0099012851715088e-01 -9.5979899168014526e-01</leafValues></_>
    <_>
      <internalNodes>
        0 -1 408261 -1.6681272536516190e-02</internalNodes>
      <leafValues>
        7.9520845413208008e-01 -9.4202077388763428e-01</leafValues></_></weakClassifiers></stage2>
</opencv_storage>
