<?xml version="1.0"?>
<opencv_storage>
<stage7>
  <maxWeakCount>4</maxWeakCount>
  <stageThreshold>-1.4086538553237915e+00</stageThreshold>
  <weakClassifiers>
    <_>
      <internalNodes>
        0 -1 144139 -3.8673494011163712e-02</internalNodes>
      <leafValues>
        6.4179104566574097e-01 -6.4824122190475464e-01</leafValues></_>
    <_>
      <internalNodes>
        0 -1 15657 5.8598332107067108e-03</internalNodes>
      <leafValues>
        -6.7060101032257080e-01 5.1152247190475464e-01</leafValues></_>
    <_>
      <internalNodes>
        0 -1 70087 3.2548969611525536e-03</internalNodes>
      <leafValues>
        -6.2402629852294922e-01 5.8118396997451782e-01</leafValues></_>
    <_>
      <internalNodes>
        0 -1 156647 1.0048571275547147e-03</internalNodes>
      <leafValues>
        -6.7099565267562866e-01 4.9827140569686890e-01</leafValues></_></weakClassifiers></stage7>
</opencv_storage>
