<?xml version="1.0"?>
<opencv_storage>
<stage9>
  <maxWeakCount>5</maxWeakCount>
  <stageThreshold>-1.3129428625106812e+00</stageThreshold>
  <weakClassifiers>
    <_>
      <internalNodes>
        0 -1 84163 1.4775492250919342e-02</internalNodes>
      <leafValues>
        -7.4647885560989380e-01 4.1085270047187805e-01</leafValues></_>
    <_>
      <internalNodes>
        0 -1 73307 3.1138323247432709e-02</internalNodes>
      <leafValues>
        -8.2952249050140381e-01 3.3879515528678894e-01</leafValues></_>
    <_>
      <internalNodes>
        0 -1 155860 -3.9376495406031609e-03</internalNodes>
      <leafValues>
        5.3599756956100464e-01 -6.0458403825759888e-01</leafValues></_>
    <_>
      <internalNodes>
        0 -1 31358 9.5951855182647705e-03</internalNodes>
      <leafValues>
        -8.1042355298995972e-01 3.6105385422706604e-01</leafValues></_>
    <_>
      <internalNodes>
        0 -1 142498 5.3630592301487923e-03</internalNodes>
      <leafValues>
        -6.6172897815704346e-01 3.9857020974159241e-01</leafValues></_></weakClassifiers></stage9>
</opencv_storage>
