<?xml version="1.0"?>
<opencv_storage>
<stage8>
  <maxWeakCount>5</maxWeakCount>
  <stageThreshold>-6.2969475984573364e-01</stageThreshold>
  <weakClassifiers>
    <_>
      <internalNodes>
        0 -1 14735 -3.0123252421617508e-02</internalNodes>
      <leafValues>
        5.5156952142715454e-01 -6.9491523504257202e-01</leafValues></_>
    <_>
      <internalNodes>
        0 -1 139491 3.3297237008810043e-02</internalNodes>
      <leafValues>
        -5.7051390409469604e-01 5.9052383899688721e-01</leafValues></_>
    <_>
      <internalNodes>
        0 -1 141230 3.1069049611687660e-02</internalNodes>
      <leafValues>
        -7.5017184019088745e-01 4.0708312392234802e-01</leafValues></_>
    <_>
      <internalNodes>
        0 -1 139047 -4.3825944885611534e-03</internalNodes>
      <leafValues>
        6.5779131650924683e-01 -5.5737107992172241e-01</leafValues></_>
    <_>
      <internalNodes>
        0 -1 56 -1.8285285681486130e-02</internalNodes>
      <leafValues>
        8.7943315505981445e-01 -3.7501537799835205e-01</leafValues></_></weakClassifiers></stage8>
</opencv_storage>
